{
  "collapse-filter": false,
  "search": "tag:root",
  "showTags": true,
  "showAttachments": true,
  "hideUnresolved": true,
  "showOrphans": true,
  "collapse-color-groups": false,
  "colorGroups": [
    {
      "query": "tag:#root  ",
      "color": {
        "a": 1,
        "rgb": 14048348
      }
    }
  ],
  "collapse-display": false,
  "showArrow": true,
  "textFadeMultiplier": -1.7,
  "nodeSizeMultiplier": 1.7078125,
  "lineSizeMultiplier": 1.60572916666667,
  "collapse-forces": false,
  "centerStrength": 0.6875,
  "repelStrength": 17.3958333333333,
  "linkStrength": 0.6875,
  "linkDistance": 263,
  "scale": 0.331690345160086,
  "close": false
}