{
  "main": {
    "id": "5f2e71e6898bdf09",
    "type": "split",
    "children": [
      {
        "id": "46e05d5918bc7b0c",
        "type": "tabs",
        "children": [
          {
            "id": "cea34503d8ea16c0",
            "type": "leaf",
            "pinned": true,
            "state": {
              "type": "graph",
              "state": {},
              "pinned": true
            }
          },
          {
            "id": "c6fa5ff25b0d258b",
            "type": "leaf",
            "state": {
              "type": "markdown",
              "state": {
                "file": "~/formattingSyntax.txt.md",
                "mode": "source",
                "source": false
              }
            }
          },
          {
            "id": "2c21920481acd8e2",
            "type": "leaf",
            "state": {
              "type": "image",
              "state": {
                "file": "~/linuxFileStructure.jpg"
              }
            }
          }
        ],
        "currentTab": 2
      }
    ],
    "direction": "vertical"
  },
  "left": {
    "id": "934913a900b6bb29",
    "type": "split",
    "children": [
      {
        "id": "8f2a9d7072ddb547",
        "type": "tabs",
        "children": [
          {
            "id": "51c0be100797b2ee",
            "type": "leaf",
            "state": {
              "type": "file-explorer",
              "state": {
                "sortOrder": "alphabetical"
              }
            }
          },
          {
            "id": "e85483e8f2c0a94e",
            "type": "leaf",
            "state": {
              "type": "search",
              "state": {
                "query": "tag:#readmetxt",
                "matchingCase": false,
                "explainSearch": false,
                "collapseAll": false,
                "extraContext": false,
                "sortOrder": "alphabetical"
              }
            }
          },
          {
            "id": "2dfc16219f160005",
            "type": "leaf",
            "state": {
              "type": "bookmarks",
              "state": {}
            }
          }
        ]
      }
    ],
    "direction": "horizontal",
    "width": 224.5
  },
  "right": {
    "id": "5a2177931c030371",
    "type": "split",
    "children": [
      {
        "id": "bd41739dad9d9492",
        "type": "tabs",
        "children": [
          {
            "id": "baf54e48f752c4d6",
            "type": "leaf",
            "state": {
              "type": "backlink",
              "state": {
                "file": "~/linuxFileStructure.jpg",
                "collapseAll": false,
                "extraContext": false,
                "sortOrder": "alphabetical",
                "showSearch": false,
                "searchQuery": "",
                "backlinkCollapsed": false,
                "unlinkedCollapsed": true
              }
            }
          },
          {
            "id": "e8f85ffaadca7fe2",
            "type": "leaf",
            "state": {
              "type": "outgoing-link",
              "state": {
                "file": "~/linuxFileStructure.jpg",
                "linksCollapsed": false,
                "unlinkedCollapsed": true
              }
            }
          },
          {
            "id": "a0ec0c1e2253615d",
            "type": "leaf",
            "state": {
              "type": "tag",
              "state": {
                "sortOrder": "frequency",
                "useHierarchy": true
              }
            }
          },
          {
            "id": "7d2d268ee0aa55b4",
            "type": "leaf",
            "state": {
              "type": "outline",
              "state": {
                "file": "~/linuxFileStructure.jpg"
              }
            }
          },
          {
            "id": "49f19ebdca787d5d",
            "type": "leaf",
            "state": {
              "type": "all-properties",
              "state": {
                "sortOrder": "frequency",
                "showSearch": false,
                "searchQuery": ""
              }
            }
          }
        ]
      }
    ],
    "direction": "horizontal",
    "width": 300,
    "collapsed": true
  },
  "left-ribbon": {
    "hiddenItems": {
      "switcher:Open quick switcher": false,
      "graph:Open graph view": false,
      "canvas:Create new canvas": false,
      "daily-notes:Open today's daily note": false,
      "templates:Insert template": false,
      "command-palette:Open command palette": false,
      "workspaces:Manage workspace layouts": false,
      "publish:Publish changes...": false,
      "markdown-importer:Open format converter": false
    }
  },
  "active": "2c21920481acd8e2",
  "lastOpenFiles": [
    "root/dev/readme.txt.md",
    "~/formattingSyntax.txt.md",
    "~/hotkeys.txt.md",
    "~/linuxFileStructure.jpg",
    "~/readme.txt.md",
    "~/tags.md",
    "root/tmp/readme.txt.md",
    "Untitled.canvas",
    "root/sbin/readme.txt.md",
    "root/opt/readme.txt.md",
    "root/mnt/readme.txt.md",
    "root/lib/readme.txt.md",
    "root/home/readme.txt.md",
    "root/etc/readme.txt.md",
    "root/boot/readme.txt.md",
    "root/bin/readme.txt.md",
    "root/etc/opt/readme.txt.md",
    "root/usr/lib/readme.txt.md",
    "root/usr/include/readme.txt.md",
    "root/usr/bin/readme.txt.md",
    "root/usr/readme.txt.md",
    "root/var/cache/readme.txt.md",
    "root/var/readme.txt.md",
    "root/var/yp/readme.txt.md",
    "root/var/tmp/readme.txt.md",
    "root/var/spool/readme.txt.md",
    "root/var/run/readme.txt.md",
    "root/var/opt/readme.txt.md",
    "root/lib",
    "root/tmp",
    "root/sbin",
    "root/opt",
    "root/boot",
    "root/bin",
    "root/var/log",
    "root/var/spool",
    "root/var/run",
    "root/var/lock"
  ]
}